{"gameDatas":[{"Id":"207ade03-bd41-43b8-90be-a89fc17d0e4a","PlayerName":"Bartal","GameStartedOn":"18-06-17 15:24:13","LevelDatas":[{"LevelNumber":1,"LevelName":"","Score":0,"CurrentPlayTime":15.480880737304688,"CompletedTime":15.480880737304688,"DeathCount":0,"JumpCount":5},{"LevelNumber":2,"LevelName":"","Score":0,"CurrentPlayTime":28.85773468017578,"CompletedTime":28.85773468017578,"DeathCount":0,"JumpCount":15},{"LevelNumber":3,"LevelName":"","Score":0,"CurrentPlayTime":16.49884033203125,"CompletedTime":16.49884033203125,"DeathCount":0,"JumpCount":11}]}]}